assessmentId,internalTaxonId,scientificName,redlistCategory,redlistCriteria,yearPublished,assessmentDate,criteriaVersion,language,rationale,habitat,threats,population,populationTrend,range,useTrade,systems,conservationActions,realm,yearLastSeen,possiblyExtinct,possiblyExtinctInTheWild,scopes
546437,14881,Notropis amecae,Extinct in the Wild,,2019,2018-12-05 00:00:00 UTC,3.1,English,"This species is endemic to the upper Río Ameca in Jalisco, Mexico. The species was considered extinct in 2000, but was later found in 2005 and 2008. In 2014, intensive surveys during ten months in the entire range of its distribution, and using different sampling techniques, did not find the species. In 2016, 40 individuals were reintroduced in its native range. Recent surveys have recorded the species there, but it is unclear if the population is viable. Based on this, the species is considered Extinct in the Wild. If the introduced population proves to be viable in the next few years, a reassessment should be conducted and a change in category may be considered.","The species used to occur above 1,300 m Asl, in the channel of Río Ameca and two tributaries, one fed by warm springs with much vegetation (including water hyacinth, green algae, Ceratophyllum, and Potamogeton), in slight, moderate or swift current, over sand, rock, and silt, at depths up to about 1 m (Miller et al. 2005). The Teuchitlán River (tributary fed by springs) has an average width of 6 m, with a bottom of silt, sand, gravel, rocks and boulders (Chernoff and Miller 1986).Spawning probably occurs from early spring to late summer, as suggested by mature adults and appearance of young. A single mature female examined contained 272 eggs (Miller et al. 2005, Soto-Galera and Alcántara-Soria 2007). ","The Teuchitlán River has been subject to destruction and modification resulting from the extraction of water for human consumption (Miller and Fitzsimons 1971, Williams et al. 1989). The river receives domestic drainage, effluents from runoff from agricultural fields of sugar and tequila agave that are subject to frequent applications of pesticides (López-López et al. 2003). In addition, the Ameca River basin is classified as strongly contaminated (Vázquez-Gutiérrez 1994). The exact cause of the population decline is not known but may be related to habitat loss from ground water depletion (López-López and Paulo Maya 2001). There are six introduced species in the Teuchitlán River that may be affecting this species (O. Domínguez Domínguez pers. comm. 2018). Introduced species represent 90% of total biomass and abundance of the species collected in the river (O. Domínguez Domínguez pers. comm. 2018).","Historically, this species was never common. Of 2,895 fishes collected in the upper Ameca river basin between 1939 and 1969, only 46 were N. amecae (Chernoff and Miller 1986). Before 1996 it was considered an extinct species (Hilton-Taylor, 2000). Later, it was reported by López-López and Paulo-Maya (2001) and in 2008 by J. Lyons and P. Gesundheit-Montero (UWZM 12145). In 2014, the entire distribution of the species was surveyed with appropriate methods during ten months (one week each time), and no individuals were collected. In 2016, 40 individuals of this species were re-introduced in Balneario El Rincon (O. Domínguez Domínguez pers. comm. 2018). These individuals come from a captive population of six individuals collected in 2005. The species is still apparently present there, but its population size and trend is not known (O. Domínguez Domínguez pers. comm. 2018).","","This species is endemic to Mexico, where it used to occur in the upper part of Río Ameca-Magdalena basin, Jalisco (Miller et al. 2005).",This species is not used or traded.,Freshwater (=Inland waters),"It is currently considered a taxon endangered by the American Fisheries Society (Jelks et al. 2008). It is considered extinct under Mexican law NOM-059-SEMARNAT-2010. In 2016, the species was re-introduced in Balneario El Rincon, but its population is currently not being monitored (O. Domínguez Domínguez pers. comm. 2018). Research is needed to determine the success and viability of the re-introduced population. The species is also being bred in captivity (O. Domínguez Domínguez pers. comm. 2018). Control of introduced species and education and awareness programs of local communities have also been implemented (O. Domínguez Domínguez pers. comm. 2018). The Teuchitlán River is a Ramsar site.",Neotropical,2008,false,false,Global
1998432,191696,Allotoca goslinei,Extinct in the Wild,,2019,2018-03-07 00:00:00 UTC,3.1,English,"Given the fact, that Allotoca goslinei was the dominant fish (ca. 75% proportional abundance) at the last known location of the study by Helmus et al. (2009), and then decreased in numbers since about the year 2000, to a few individuals in 2004, and zero when the habitat was extensively sampled in 2005–2006, it can be inferred that the species has disappeared completely from the wild. With no known location and no known wild population, but several captive populations in Europe, Mexico and the United States, the Banded Allotoca is assessed Extinct in the Wild.","Here is the habitat description from Smith and Miller (1987), slightly modified by Köck in 2018: ""At the type locality, the Río Potrero Grande flows through a steep-walled, twisting canyon of high gradient that is well shaded by willows (Salix spp.) and the canyon walls. The species was taken only from a quiet pool of clear to murky water, that was about 23 m long and 3.2-3.8 m wide, up to 1.2 m deep at the steeply shelving south bank and with a substrate of sand, silt, rocks and boulders. Filamentous algae were abundant, and there were small patches of floating vascular plants. In the dry season the current was slight to nil. This was the terminal pool before the creek emerged from the canyon and dropped precipitously to the Río Ameca. Allotoca goslinei was found primarily in shallow water (15-26 cm) underneath floating plants (water hyacinth, algae, and a Nasturtium-like plant) along the gradually sloping north side of the pool. The largest series came from beneath a single patch of floating plants about 3 m long and extending no more than 1 m into the pool. The water temperature during three visits were 16.4-20 °C from mid-day to late afternoon, mid February to early March. Other fishes taken in the same pool were a Catostomid, Moxostoma mascotae (now: Moxostoma austrinum), a Goodeid, Allodontichthys n. sp. (now: Allodontichthys polylepis) and a Poeciliid, Poeciliopsis infans. Rana sp. was also captured, including tagpoles and adults."" Wischnath (1993) additionally mentioned Ilyodon furcidens being a co-inhabitant. Based on the diet of related species, the Banded Allotoca was most likely feeding on small arthropods in the wild (Domínguez-Domínguez et al. 2002, Doadrio and Domínguez-Domínguez 2004, Webb et al. 2004). Schindler reported to Hieronimus (Hieronimus 1995), that on his visit of the type location in 1988, the water looked very polluted and reminded him more on a sewer than on a pool. The water was turbid, with little visibility, and the fish were caught only incidentally, but all species mentioned by Smith and Miller (1987) were present. Following Hieronimus, the condition of the habitat might be caused by an extremely dry spring in 1988.","Allotoca goslinei was moderately common until the year 2000 at the type location in the Río Potrero Grande. About that year, non native and invasive Green Swordtails (Xiphophorus hellerii) occurred, which invaded the type locality between 2000 and 2004 and increased in abundance while Allotoca goslinei decreased in abundance. The Swordtail is thought to have displaced Allotoca goslinei through competition for prey (Arthington 1989), since the stream habitat quality did not noticeably change (Helmus et al. 2009 unpublished data). Both species likely competed for the same sort of prey (Arthington 1989).","Deduced from inconclusive surveys conducted by Helmus et al. in 2005 and 2006 (Helmus et al. 2009), this species is likely extinct in nature. This can be decided due to the fact that in 2000 Alloctoca goslinei was still the dominant fish at the type locality (ca. 75% proportional abundance), but in extensive samplings of the river five, six years later, no more specimens were found. Based on this, the Banded Allotoca is feared to be Extinct in the Wild (Lyons 2011). A few captive strains do exist in Europe, Mexico and the United States, but all of them are low in numbers and not easy to maintain.","","The Banded Allotoca was endemic to the Mexican federal state of Jalisco and historically only known from few collections in the headwaters of the Río Ameca, namely from the type location, the Río Grande (or Río, Arroyo, Potrero Grande about 10 km west of the town of Ameca), and from the Río Cuisillos (1 km east of the train station at Pacana near the Presa La Vega, where it coalesces with the Río Salado forming up the Río Ameca) (Smith and Miller 1987). From this distribution pattern, it can be inferred that it was more widespread in the headwaters of the Río Ameca drainage, but stayed either unnoticed or was very scarce. However, it was eliminated from the Río Ameca by the late 1990's, but remained moderately common in the Río Potrero Grande (Lyons 2011), until non-native swordtails (Xiphophorus hellerii) invaded the river after 2000. Being the dominant species in 2000, with about 75% proportional abundance, the numbers of Allotoca goslinei declined rapidly thereafter, and extensive samplings in 2005 and 2006 didn't show a single individual (Helmus et al. 2009). The last record dates back to 2004 (Lyons 2011).",The Banded Allotoca is not used for consumption and is not a target species for the ornamental fish trade.,Freshwater (=Inland waters),"The Banded Allotoca is included in the international ex-situ breeding project ""Allotoca-Mesa Central"" from the Austrian Association of Aquarists (ÖVVÖ) for all species of the genera Allotoca and Neoophorus (http://www.oevvoe.org/allotoca-mesa-central). Other conservation effort is a monitoring and ex-situ breeding project run by the Laboratorio de Biología Acuatica in Michoacan University, Morelia, MexicoNo other conservation efforts for this species are known. ",Neotropical,2004,false,false,Global
2757376,20285,Skiffia francesae,Extinct in the Wild,,2019,2018-04-18 00:00:00 UTC,3.1,English,"The Golden Skiffia was known from the type location, the Río Teuchitlán and from the El Molino pond in the endorheic Laguna de Sayula basin. It disappeared from the type location even before it was described due to habitat alteration by river fragmentation, water pollution, competition through non-native fish (Xiphophorus maculatus) and through destruction of the embankment by live stock, leading to a complete disappearance of habitat. From the El Molino pond, it was extirpated by a heavy drought in 2010. Taking into consideration that no wild population has been known for at least eight years, the species is assessed Extinct in the Wild. ","The former habitat was a quiet, thermal and clear to murky water with only a slight current. The substrate was deep mud with a few rocks, silt and sand. A few species of aquatic plants were present, comprising Eichhornia, Pistia, Ceratophyllum and Potamogeton. The Golden Skiffia prefered depths of less than 0.5 m. Miller and Fitzsimons measured water temperatures between 24 and 26 °C in February 1976 (Miller 2005). The gut is about two to three times the length of the fish. Kingston documented the content, mainly pennate diatoms, some filamentous algae, one small snail and a few pollen grains. The teeth are mainly bifid in both rows. This species definitively grazes on aufwuchs and algae on vertical structures. Another indication for this feeding behaviour are the upturned lips and the wedge-shaped head.The Balneario El Rincón is a trapezium shaped spring with clear water and ground of sand and silt. The width is about 12 m, the length is about 25 m long. There is an outlet into a dammed section of the Teuchitlán river used as cattle trough, and another outlet draining to the subsequent section of the river. The depth of the spring is around 1 m, the walls are concrete but bordered inwards partly with big rocks. In the east angle arises the main spring under the roots of a large Metasequoia tree. ","The species has disappeared from the wild. The biggest threat to a wild population will be non-native fish species. Several exotic species have been introduced near the type locality resulting in declines in native fishes within the Río Teuchitlán (Miller 2005). Meanwhile, exotic species (Oreochromis sp., Xiphophorus hellerii, Poecilia mexicana, Pseudoxiphophorus bimaculatus) make up to 95% of the individuals in the spring area of Teuchitlán (Medina-Nava et al. 2017). A study revealed that densities of Goodeid species were lower or were absent in localities in the Río Teuchitlán, where introduced species were abundant or where there were more than one introduced species (De La Vega-Salazar et al. 2003b). The river has been degraded due to the construction of the La Vega Dam and it is suggested that habitat degradation may have been the cause of the extant endemic Goodeids now being confined to a small area at the headwaters of the river. The species was also threatened as consequence of the springs being turned into spas, preventing movement of fish between pools (De La Vega-Salazar et al. 2003a).","This species is believed to be Extinct in the Wild and disappeared from the Río Teuchitlán due to competition from non-native fish, eventually Xiphophorus maculatus, through water pollution and river fragmentation, and modification of the springs into a water recreation area. The subpopulation from the El Molino pond, discovered in 2006, was a victim of a heavy drought in 2010 and became extirpated as well. ","","The Golden Skiffia is a freshwater fish species endemic to the Mexican federal state of Jalisco. It was historically only known from the Río Teuchitlán in the Río Ameca headwaters and from the Río Ameca itself about 12 km east of the town of Ameca. Individuals collected from the El Molino pond (in 2006) in the endorheic Laguna de Sayula basin also belong to this species and those from the Presa La Ciénaga (Presa Buenavista), upper Río Ameca drainage, should be Golden Skiffia as well due to the drainage (determined as Skiffia multipunctata in 1963, before Skiffia francesae was described). Specimens from a historical collection (1939) of the Splotched Skiffia by Miller in a river near Santa Cruz de las Flores, endorheic Laguna Atotonilco drainage, probably belonged to Skiffia francesae as well due to the hydrographic history of this basin (Zacoalco paleolake included parts of the upper Río Ameca drainage), but this is uncertain. However, this species disappeared from all of these habitats and only persists in captivity.","The species is not used for human consumption, but targeted in the aquarium trade by a certain degree. In the 1970's a hybrid with Skiffia multipunctata (called ""Black Beauty"") was bred and regionally distributed, but probably disappeared again from the hobby.",Freshwater (=Inland waters),"No reintroduction or conservation actions are currently known for this species, but the Río Teuchitlán and the La Vega Dam are both sites included within a Ramsar site (Ramsar Secretariat Site No.2026, 2009). Although this does not include the Ameca River directly, it is the next extent of the water flow from these two systems, and so any conservation actions or water quality controls within these water-bodies might continue down stream into the Ameca River.In 2016, the Michoacan University started a reintroduction project for Zoogoneticus tequila and Notropis amecae, both emdemic to the Río Ameca headwaters. The first one, a Goodeid, and the second, a Cyprinid species, inhabited the Río Teuchitlán drainage in historical time, but have been extirpated by unknown reasons. The reintroduction area is focusing on the spring area and the subsequent river sections, mainly the part that is used as a trough, and the schedule includes a complete extraction of non-native fish species from these sections and a long term species control. This action would have a direct positive impact on the Golden Skiffia as exotics represent about 90% of the individuals, so a reintroduction of the species could be successful.",Neotropical,2010,false,false,Global
2784905,23158,Xiphophorus meyeri,Extinct in the Wild,,2019,2018-10-31 00:00:00 UTC,3.1,English,"The Marbled Swordtail is historically endemic and restricted to the springs of La Cascada and El Socavon, as well as the small creeks which connect these freshwater springs located in Melchor Muzquiz, Coahihula, Mexico. Due to complete loss of habitat through water abstraction for mining activities, the species is considered extinct in the wild. The last sighting of this species was in 1997 and it has since been extensively sampled. Its habitat has now been recovered and a major priority for conservation of this species is reintroduction of ex-situ individuals back into its natural habitat. Development of an ex-situ breeding program and expansion of ex-situ holding sites is necessary to secure the future of the species. This species is listed as Extinct in the Wild.","This Swordtail inhabits clean, spring-fed pools, modified as albercas (for swimming) that form a small creek with moderate current draining toward Muzquiz (Miller et al. 2005).","The species is now considered extinct in the wild. Its natural habitat has been severely threatened in the past by water abstraction for mining activities. These activities caused complete extirpation of the species throughout its range, as the species habitat was completely dried out. These activities have since ceased and the habitat has now been recovered (A. Valdes pers. comm. 2018).","A population decline was inferred as a result of an observed habitat loss and degradation caused by over-extraction of water resources which has partially desiccated the freshwater springs to which the species is restricted (Ceballos et al. 2016). More recently, a survey has concluded that the species has been completely extirpated from its range and is now extinct in the wild, with the only remaining individuals held in captivity at the Texas Xiphophorus Centre, Texas State University, San Marcos. This species was last seen in the wild in 1997 (D. Hendrickson pers. comm. 2018). Given its restricted available habitat, the survey has been extensive since its last sighting (A. Valdes pers. comm. 2018).","","The Marbled Swordtail is now considered extinct in the wild. Prior to its extirpation, it was endemic and restricted to the freshwater springs of La Cascada and El Socavon, as well as the small creeks which connect these springs located in Melchor Muzquiz, Coahuila, Mexico (Ceballos et al. 2016).",This species is not utilized.,Freshwater (=Inland waters),The species is listed as threatened under the Mexican Official Norm (SEMARNAT 2010). Due to past threats this species is now Extinct in the Wild. These threats have since ceased and re-introductions into its now recovered habitat would be effective and are a priority moving forward (A. Valdes pers. comm. 2018). Development of further ex-situ populations are needed to better facilitate re-introductions and ensure the stability of the future of the species.,Nearctic,1997,false,false,Global
3104750,6144,Cyprinodon alvarezi,Extinct in the Wild,,2019,2018-09-12 00:00:00 UTC,3.1,English,"Cyprindon alvarezi was once restricted to the Potosi Spring northwest of Galeana in Nuevo Leon, Mexico. This species is now considered Extinct in the Wild as a result of total habitat loss, and has not been recorded at this locality since 1994. Institutional and private captive populations of C. alvarezi still exist.","Historical habitat included clear springs and spring-fed ditches in the presence of dense aquatic macrophytes over clay, mud, firm limestone and sandy substrates (Miller et al. 2005). Water temperature fluctuated annually from 16.5-23 oC. Potosi springs was at 1880 m elevation (Miller et al. 2005).","Major threats that led to the extirpation of C. alvarezi in the wild include a near total loss of habitat resulting from groundwater extraction, and the impacts of predatory and competitive introduced species (Contreras-Balderas and Lozano-Vilano 1996).",Cyprindon alvarezi has not been recorded in the wild since 1994 (Burkhead 2012). Surveys in nearby springs have not recorded the species.,"","Cyprindon alvarezi was once restricted to the Potosi Spring northwest of Galeana, Nuevo Leon, Mexico (Miller et al. 2005). This species is now considered extinct in the wild as a result of total habitat loss, and has not been recorded at this locality since 1994 (Contreras-Balderas and Lozano-Villano 1996).",There is no information on the past use or trade of this species.,Freshwater (=Inland waters),"This species still occurs in captive populations, and can be found in both institutional and private collections (Koldewey et al. 2013, Maceda-Viega et al. 2016).",Nearctic,1994,false,false,Global
3107266,6174,Cyprinodon longidorsalis,Extinct in the Wild,,2019,2018-09-27 00:00:00 UTC,3.1,English,"Cyprinodon longidorsalis was historically restricted to Charco la Palma, a small spring within the Bolson de Sandia in Nuevo Leon, Mexico. Due to excessive groundwater pumping, this species was extirpated in the wild in 1994 and has not been reported since. Given the total desiccation of the only known location where this species occurred and the failure of the spring system that historically supplied water to Charco la Palma and surrounding surface springs, extirpation in the wild is beyond reasonable doubt. It remains in multiple captive collections in North America and Europe. As such, it is assessed as Extinct in the Wild.","Charco la Palma was characterized by clear water with a temperature of approximately 21 oC, muddy substrate, dense algal growth and sparse submerged vegetation, and a swampy outlet that extended 2-3 m from the spring pool (Miller et al. 2005).",The extirpation of C. longidorsalis in the wild is the result of groundwater extraction and the subsequent desiccation of habitat (Lozano-Vilano and Maza-Benignos 2017).,"This species is widely regarded as Extinct in the Wild (Jelks et al. 2008, Burkhead 2012, Baumsteiger and Moyle 2017, Lozano-Vilano and Maza-Benignos 2017). Given its unique evolutionary and spatial isolation and specific habitat requirements, it is highly unlikely that this species remains extant at other localities. ","","Cyprinodon longidorsalis was historically restricted to Charco la Palma, a small spring within the Bolson de Sandia in Nuevo Leon, Mexico (Miller et al. 2005, Lozano-Vilano and Maza-Benignos 2017). It has not been collected since 1994 despite subsequent surveys, due to complete loss of habitat resulting from groundwater over-extraction for agricultural use in the surrounding region and is now considered extinct in the wild (Baumsteiger and Moyle 2017, Lozano-Vilano and Maza-Benignos 2017). ",There is no information on previous use or trade for this species.,Freshwater (=Inland waters),"This species is maintained in captive collections in Mexico, the United States, and Europe (Koldewey et al. 2013, Baumsteiger and Moyle 2017, Lozano-Vilano and Maza-Benignos 2017). Given that the native habitat does not exist anymore, there are no plans for reintroduction.",Nearctic,1994,false,false,Global
3107453,6175,Cyprinodon veronicae,Extinct in the Wild,,2019,2018-09-27 00:00:00 UTC,3.1,English,"Cyprinodon veronicae was historically restricted to the isolated Ojo de Agua Charco Azul, a small spring within the Bolson de Sandia in Nuevo Leon, Mexico. Groundwater extraction for agricultural use led to the extirpation of this species in the wild by 1995, and a total loss of the spring pool by 1997. Given the isolation of this single location and a complete loss of habitat with no indication that this species may occur at other localities in the region, extinction in the wild is beyond reasonable doubt. Multiple captive populations of this species remain in the United States and Europe. As such, C. veronicae is listed as extinct in the wild (EW).","Ojo de Agua Charco Azul was characterized by clear water with a temperature of 19-20 oC, muddy and loamy substrates, and vegetation made up of several aquatic macrophytes. Cyprinodon veronicae was the only species of fish inhabiting this spring (Miller et al. 2005).","The extirpation of C. veronicae in the wild was the result of groundwater extraction for agricultural use, which led to a total loss of habitat by 1997 (Burkhead 2012, Lozano-Vilano and Maza-Benignos 2017). ","This species is widely regarded as extinct in the wild (Jelks et al. 2008, Burkhead 2012, Contreras-MacBeath et al. 2014, Lozano-Vilano and Maza-Benignos 2017). Given the complete desiccation of this isolated spring system by 1997, and a subsequent underground fire in 2003, extinction in the wild is certain. Surveys in nearby springs (in at least 30 km radius) have not recorded the species (A. Valdes pers. comm. 2018).","","Cyprinodon veronicae was historically restricted to the isolated Ojo de Agua Charco Azul, a small spring within the Bolson de Sandia, 27 km southwest of La Ascencion, Nuevo Leon, Mexico (Miller et al. 2005). This species has not been recorded in the wild since 1995, resulting from total habitat loss due to groundwater over-extraction and the subsequent desiccation of the only known location (Lozano-Vilano and Maza Benignos 2017).",There is no information on the past use or trade of this species.,Freshwater (=Inland waters),"There are no conservation measures in place for this species. It is kept in multiple captive private populations in the United States and Europe (Koldewey et al. 2013, Lozano-Vilano and Maza-Benignos 2017).",Nearctic,1995,false,false,Global
123986038,123986030,Agave lurida,Extinct in the Wild,,2020,2018-02-15 00:00:00 UTC,3.1,English,"After numerous expeditions to locate Agave lurida have failed, and due to its incredibly small range where it should be possible to locate, this species is considered to be Extinct in the Wild (García-Mendoza, 2004). There are only a few specimens left in ex-situ collections, which is a concern for the extinction of the species in the near future.",This species is known from a very small area dominated by tropical dry shrubland.,The habitat where the species used to occur shows signs of disturbance by overgrazing.,"This agave is only known from a few individuals, so no information on population is available. This species was collected by Gentry in 1963 and in 2001 by García-Mendoza  (A. García-Mendoza pers. comm. 2019). After numerous unsuccessful attempts to locate individuals of this species in the wild, this agave is suspected to be extinct in the wild.","","Agave lurida is known from a single locality in Oaxaca, Mexico and ranges from 1,800 to 1,900 m asl.","Historically, Agave lurida was reported to be used for its fibres.",Terrestrial,"This species is not located within a protected area. It is listed as Endangered in Mexico's National List of Threatened Species NOM-059-SEMARNAT-2010. The plant collected in 2001 is conserved in the Jardín Entnobotánico de Oaxaca, where in 2008, it produced flowers and seeds from which no more than 50 individuals were produced (A. García-Mendoza pers. comm. 2019).",Neotropical,2001,false,false,Global
126613386,126612397,Csapodya splendens,Extinct in the Wild,,2020,2020-08-17 00:00:00 UTC,3.1,English,"Deppea splendens was described as a species restricted to the cloud forest of Chiapas, Mexico. It was only known from the Motozintla de Mendoza municipality. There were only four historic collections in an area that has been devastated as a consequence of land use change, mainly as a result of agricultural expansion. Although this species was searched for after the last collection, in 1986, the only known location of Deppea splendens was plowed over for cultivation. The few Deppea splendens individuals known to remain in the world can be found primarily in botanical gardens. This species is presumed extinct in the wild and only known in cultivation at this time. Here, this species is assessed as Extinct in the Wild.","Deppea splendens is described as a strict cloud forest shrub or small tree of 5–8 m tall. It occurs in subtropical/tropical moist montane forest (cloud forest) at 2,100 m asl. This species was found in a steep canyon with Oecopetalum, Magnolia, Clethra, Pinus, Quercus and Symplocos (Borhidi et al. 1987, 2012; González-Espinosa et al. 2011; IBUNAM 2020). The quality of the species' suitable habitat in the wild is undergoing a continuing decline as a consequence of land use change across the range.","Unfortunately, the cloud forests of Mexico have been under severe threat and have been suffering from exceptional rates of change as they are degraded or destroyed by human activities. The habitat of this species has been subjected to decline for many years as a consequence to the deforestation for agriculture expansion and frequent fires. In addition to forest fragmentation due to deforestation, cloud forests are expected to be among the ecosystems most affected by global climatic change (Foster 2001, Lawton et al. 2001, Wilken et al. 2011).","In 1986, the only known grove of Deppea splendens was plowed over for cultivation. The few Deppea splendens individuals known to remain in the world can be found primarily in botanical gardens (California Academy of Science 2020).","",Deppea splendens is a Mexican species described from Chiapas and it is almost certainly Extinct in the Wild. This species was only known from the municipality of Motozintla de Mendoza. There are only four historic collections in an area which has become fragmented as a consequence of land use change.,"Due to the beauty of its flowers, Deppea splendens is marketed nationally and internationally. The source of such individuals for sale appears to belong to the offspring of Breedlove's seeds (California Academy of Science 2020).",Terrestrial,"This species was previously assessed as Critically Endangered (under the name of Csapodya splendens (Breedlove &amp; Lorence) Borhidi; González-Espinosa et al. 2011), but the last known wild inidviduals are now considered to have been lost. However, this species is known at least from three ex situ collections (BGCI 2020) and is probably grown in a wider range of botanic gardens. In fact, Breedlove, after collecting several specimens, distributed seeds from the samples to arboreta specializing in tropical plant cultivation. This species needs to be included in more ex situ conservation programs for the cultivation in nurseries and botanical gardens in Mexico, in addition to being included in germplasm preservation and maintenance. Little information is available for ex situ conservation programs for propagation of this species. There are two available collections from 2005, but these points are uncertain. It would be beneficial to increase the research efforts in the area in order to search for any unknown populations.",Neotropical,1981,false,false,Global
137376234,136808736,Furcraea macdougallii,Extinct in the Wild,,2020,2019-11-07 00:00:00 UTC,3.1,English,"Furcraea macdougallii once was endemic to the the Mexican state of Oaxaca. There are no more subpopulations of F. macdougallii in the wild. This species only survives in cultivation. In cultivated form, it has been seen in Acatepec, Chila, and Petlalcingo (Puebla), Chazumba, and Huajolotitlán (Oaxaca). The major threats to the species and its habitat included an extensive change in land use for agricultural and livestock farming expansion. The type locality (1953) was heavily degraded by Agave plantations for mezcal production. In 1998, it was reported that this plant had not been seen for 25 years. Individuals have been searched for in their natural habitat, without being found","Furcraea macdougallii is one of the most spectacular tree species in the Asparagaceae family, with a succulent growth form. The unbranched trunk can reach up to 9 m tall. Based on existing evidence, this species was an inhabitant of the tropical dry forest and occurred with Haematoxylon brasiletto, Ceiba parviflora, Tabebuia guayacan, Plumeria rubra, Lysiloma demostachys, Neobuxbaumia tetetzo var. nuda, Opuntia tehuantepecana, Agave marmorata, Nopalea auberi, Cephalocereus quadricentralis, Myrtillocactus schenckii, Hechtia meziana and Jatropha sp. on  stony, limestone and sandy soils. It used to grow up at an altitude range from 750 to 1,000 (-1800) m. This species was rare in its flowering periods, since long periods passed without flowering. MacDougall reported six flowering plants in Rio Hondo, Oaxaca in 1953, eleven","The major threats to the species and its habitat included extensive change in land use for agricultural and livestock farming expansion. Other major threats included wildfires generated by human activities in the nearby range. The restricted range of the species also made it very vulnerable to small local disturbances, and hence the last few individuals were easily destroyed.","There are no more subpopulations of Furcraea macdougallii in wild. This species only survives in cultivation. In 1998, it was reported that this plant had not been seen for 25 years. Individuals have been searched for in their natural habitat, without being found (","","Furcraea macdougallii was endemic to the Hondo River (intermediate Basin of the Tehuantepec River) in the Yautepec district, Oaxaca. In cultivated form, it has been seen in Acatepec, Chila, and Petlalcingo (Puebla), Chazumba, and Huajolotitlán (Oaxaca). In this area it has not been found in the wild (García-Mendoza 1999, García-Mendoza 2000). MacDougall was an expert in the succulent flora of Oaxaca and Chiapas, and he never cited F. macdougallii outside the vicinity of the Hondo River. The type locality (1953) is heavily degraded by Agave plantations for mezcal production. The last collection in this region was made by H.S. Gentry in 1965. In 1998 it was searched for in the same region but no individuals were found (","The leaves of Furcraea macdougallii were crushed in water to wash various utensils and clothes. The flowers were knocked down for domestic animal feeding and used as fodder. Additionally, the whole plant was also used as a living fence and as ornamental plant (García-Mendoza 1999, García-Mendoza 2000).",Terrestrial,"This species was assessed as Possibly Threatened in 1997 (Walter and Gillett 1998). According to Botanic Gardens Conservation International, the species is known from 14 worldwide ex situ collections (BGCI 2019). At national level, this species is included in the category of ""Probably extinct in the wild"" (E) of the Official Mexican Standard NOM-059-SEMARNAT-2010 (BGCI 2019). It is recommended to increase the research efforts to prepare a possible species action/recovery plan. It would be very important to rescue seeds from some cultivated specimens and make an effort for a reintroduction in the wild in order to recover this species.",Neotropical,1973,false,false,Global
157724204,23156,Xiphophorus couchianus,Extinct in the Wild,,2019,2018-10-26 00:00:00 UTC,3.1,English,"Only hybridised specimens of this species currently remain in the wild. The last collection of non-hybridised specimens was in 1967, despite intensive sampling throughout the entire species' range from this date, until present day. This species is now considered Extinct in the Wild, with the only remaining specimens held ex-situ at Universidad Autonoma de Nuevo Leon, Facultad de Ciencias Biologicas - Refuge Centre for Endangered Fish Species.  Successful re-introduction of the species is dependent upon recovery of the habitat which remains threatened by habitat loss and degradation caused by the over-extraction of water resources leading to the desiccation of the endothermal springs which the species inhabits. Viability of suitable habitat is also threatened by water pollution from urban sewage and run-off, and competition and predation from introduced invasive alien species. Development of ex-situ populations is an immediate priority for this species.","The Monterrey Platyfish inhabits densely shaded, quiet, clear water of springs, their outflows, and in pools or headwaters of spring-fed streams not far from sources. It inhabits substrates of fine sand and mud (often deep) at depths to 0.6 m (Miller et al. 2015).","The species is threatened by habitat loss and degradation caused by urban encroachment, sewage pollution, desiccation of the natural springs and competition and predation from introduced invasive alien species (Ceballos et al. 2016). Ojo de Agua de Apodaca has been transformed into an urban recreational pool. This species has been extirpated from this habitat for over ten years (A. Valdés Gonzalez pers. comm. 2018).","Although once found more widely in the region of Monterrey, most sub-populations have been lost to urban sprawl, with water habitats either drying up due to land reclamation and water extraction or being heavily polluted. Currently the species sub-populations are very restricted to a few small springs in Apodaca, suburban area of Monterrey (Ceballos et al. 2016). However, these sub-populations belong to a putative new species (X. apodaca). Hybridization with the Sunset Platty (Xiphophorus variegatus) (Cui et al. 2013) has eliminated pure lineages of X. couchianus and the putative new species X. apodaca in the wild (A. Valdés Gonzalez pers. comm 2018). No non-hybrid specimens have been collected since 1967 despite intensive sampling throughout the entire species' range (Contreras Balderas and Escalante 1984, A. Valdés  Gonzalez pers. comm. 2018). Captive populations of the putative X. apodaca are currently held in two facilities (A. Valdés Gonzalez pers. comm 2018).","","The Monterrey Platyfish is an endemic species restricted to the Atlantic Slope of Mexico, where it's historical range included the endothermal springs of upper Rio San Juan including rios Apodoca, Monterrey, and Santa Catarina, and the Rio Bravo basin in Nuevo Leon. As a result of habitat loss and degradation the species is currently restricted to only one natural locality (Ojo de Agua de Apodaca, at Apodaca, Nuevo Leon) (Miller et al. 2015). Subpopulations occurring in the Rio Pesquerias (Founder Spring, Apodoca) are a putative new species and are taxonomically distinct (A. Valdes Gonzales pers. comm. 2018).",This species has been used in medical research for 15-20 years (A. Valdés Gonzalez pers. comm. 2018).,Freshwater (=Inland waters),"The species is protected under the NOM-059-SERMANAT-2010 and bred in captivity (Aguilera González 1998). Despite protection, this species is now considered extinct in the wild and is held in captivity at Universidad Autonoma de Nuevo Leon, Facultad de Ciencias Biologicas - Refuge Centre for Endangered Fish Species (A. Valdés Gonzalez pers. comm. 2018) in addition to the aquarium of the Zoological Society of London, United Kingdom (B. Zimmerman pers. comm. 2019). City policy changes (Apodaca) are required in order to effectively reintroduce this species into the wild. Recovery of habitat is also necessary prior to reintroduction. It will also be important to develop further ex-situ populations to better guarantee the stability of the species, moving forward.",Nearctic,1967,false,false,Global
178409463,22690740,Zenaida graysoni,Extinct in the Wild,,2020,2020-08-26 00:00:00 UTC,3.1,English,"The last record of an individual of this species in its natural habitat was in 1972. It is therefore classified as Extinct in the Wild. However, there are c.150 birds in captivity and reintroduction of the species is planned.","It was apparently commonest in forested areas above 500 m, dominated by Bumelia, Prunus serotina, Guettarda, Ilex, Psidium and Ficus. It was a highly terrestrial frugivore, and probably depended on an intact understorey of ferns and euphorbias.","The decline and extinction in the wild of this species has been attributed chiefly to predation by cats. However, it was thought that cats became feral on Socorro in the 1950s, but this date has now been revised to the early 1970s (J. E. Martínez-Gómez in litt. 1999, 2000). This suggests that other factors, such as human predation (Martínez-Gómez et al. 2003) and high levels of understorey grazing by sheep, may have been significant. Outbreaks of a permanent locust Schistocerca piceifrons swarm have occurred twice a year since 1994, resulting in damage to the leaves, flowers and fruit of indigenous forests, with at least 30 ha lost to defoliation so far, thus reducing the extent of prime habitat for the species (J. E. Martínez-Gómez in litt. 2007). Locust outbreaks may be favoured by the habitat degradation caused by introduced species (Song et al. 2006).","Fortunately, aviculture has prevented the extinction of the species, with captive populations held in around 30 institutions in the U.S.A., Europe and Mexico, with at least 70 institutions participating at some point in the captive breeding efforts since 1994 (J. E. Martínez-Gómez in litt. 2016). The European breeding programme for this endangered species has monitored the captive population for more than 30 years (J. E. Martínez-Gómez in litt. 2007). The captive population was thought to total several hundred birds, but hybridisation with Mourning Doves Z. macroura became a major problem in the U.S.A. in the 1990s (Martínez-Gómez et al. 2003), and it now appears that many of these U.S. birds are hybrids (J. E. Martínez-Gómez in litt. 1999, 2000, S. G. Stadler in litt. 2012). As a consequence of the occurrence of avian influenza in Europe in 2006, the Socorro Dove Project sent a total of 12 birds to Albuquerque Biological Park to form a second, independent reserve population nearer to the species's native country (S. G. Stadler in litt. 2012). The total captive population is currently estimated at approximately 150 individuals (J. E. Martínez-Gómez in litt. 2016). In 2013 and again in 2014 a number of birds were transferred to Mexico to form a national captive breeding flock ahead of efforts to eventually return the species to Socorro Island (H. Horblit in litt. 2013, J. E. Martínez-Gómez in litt. 2016).","","This species has been extirpated from Socorro in the Revillagigedo Islands, Mexico. It was formerly common and observations in 1957 and 1958 gave no indication that it was declining. The last sighting in the wild was in 1972 (Baptista and Martínez-Gómez 1996), and all suitable habitat on the island has been surveyed subsequently without recording the dove (J. E. Martínez-Gómez in litt. 1999, 2000). Several individuals were taken during an expedition to the islands in 1925 and subsequently bred in the U.S.A., with some sent to Europe (Martínez-Gómez et al. 2003).","",Terrestrial,"Conservation Actions UnderwayThe Revillagigedo Islands were declared a biosphere reserve in 1994 (Stattersfield et al. 1998, Martínez-Gómez et al. 2003). The European Association of Zoos and Aquaria recognised a breeding programme for the species, as initiated by Cologne and Frankfurt zoos (Germany) and the private interest group Wild Pigeons and Doves, as an official European Endangered species programme (EEP), in 1995 (Martínez-Gómez et al. 2003). Modern studbook software has been employed to assist with the genetic and demographic management of the captive population. Individuals have been distributed to zoos and bird parks in countries including Belgium, the Netherlands, U.K., Poland, Austria, Luxembourg, France, Spain, the Czech Republic and Germany (S. G. Stadler in litt. 2007, 2012). Of 672 individuals listed in the studbook by December 2010, 102 were known to be alive (S. G. Stadler in litt. 2012). Since 2006, following an extensive survey of the origin of the founding individuals of the EEP population, major software-based population genetic analyses have been conducted and recommendations for new pairs have been given by the EEP coordinator (S. G. Stadler in litt. 2007, 2012). A special breeding unit for the species has been opened at Marlow Bird Park, Germany (Martínez-Gómez et al. 2003). A proposal has been developed to reintroduce the species (Baptista and Martínez-Gómez 1996, Martínez-Gómez et al. 2003, S. G. Stadler in litt. 2012), along with a restoration programme for Socorro (Martínez-Gómez et al. 2003, Horblit et al. 2006). DNA fingerprinting has revealed extensive hybridisation with Z. macroura in the U.S.A., however it also showed a high degree of relatedness between the European population and pure individuals kept in California (Martínez-Gómez et al. 2003). As a result, the European population will be used for reintroduction efforts. The construction of breeding aviaries on Socorro began in August 2003 (Martínez-Gómez et al. 2003) and was completed by 2005 (Bell et al. 2005a). Resident populations of Z. macroura and Common Ground-dove Columbina passerina (Bell et al. 2005a) were screened in December 2003 and January 2004 to assess the presence of pathogens that might affect the reintroduction programme (Martínez-Gómez et al. 2003, Bell et al. 2005a, b). Avian malaria and trichomoniasis were detected in both species, and as a result recommendations were put forward (Bell et al. 2005a, b). In 2005, plans were outlined to control the locust outbreaks, restore native vegetation and assess the problem of erosion (J. E. Martínez-Gómez in litt. 2005). The arrival on Socorro of the first birds from the EEP was planned for June 2005 (Bell et al. 2005b), with the establishment of a breeding flock by June 2006 (Bell et al. 2005a, S. G. Stadler in litt. 2012). However, there have been problems with import restrictions and permits (J. E. Martínez-Gómez in litt. 2007). In the face of these restrictions a small insurance population was established in the U.S.A. in 2008 (H. Horblit in litt. 2007, J. E. Martínez-Gómez in litt. 2007), forming the basis for the return of the species to Africam Safari Zoo, Puebla, Mexico (S. G. Stadler in litt. 2012). Two groups of birds were transferred to Mexico in 2013 and 2014 to form the basis of a population for eventual reintroduction to Socorro (J. E. Martínez-Gómez in litt. 2016). Control of feral cats has been undertaken on Socorro ( B. Tershy in litt. 1999) although despite over over five hundred cats being killed on the island between 2011-2016, they still persist throughout the island in low numbers (B. Tershy in litt. 2007, J. E. Martínez-Gómez in litt. 2016, Ortíz-Alcaraz et al. 2017, Lowen 2020). Furthermore, over 1,700 feral sheep were culled on the island between 2009-2012 (Ortíz-Alcaraz et al. 2016) and as of 2012, sheep were completely eradicated from the island, facilitating a rapid, remarkable recovery in local vegetation cover (Ortíz-Alcaraz et al. 2017, Lowen 2020). Reports that rats have recently colonised Socorro have proved to be unfounded (J. E. Martínez-Gómez in litt. 1999, 2000) although mice remain an issue on the island and must be removed due to their predation of dove chicks (J. Lowen in litt. 2020). Techniques to grow four endemic tree species from Socorro have been successful, with 117 tree seedlings planted on the island. These restored areas will be important when birds are eventually released back onto Socorro (J. E. Martínez-Gómez in litt. 2016). The species is included on the 'Watch List' of the State of North America's Birds as a species of high conservation concern (NABCI 2016).Conservation Actions ProposedImport birds from the EEP and establish a breeding flock on Socorro (Bell et al. 2005a, b, J. E. Martínez-Gómez in litt. 2007, S. G. Stadler in litt. 2012). Complete the eradication of cats and sheep on Socorro (J. E. Martínez-Gómez in litt. 2005, 2007). Continue to restore native vegetation on Socorro (J. E. Martínez-Gómez in litt. 2005). Reintroduce the species following satisfactory progress in mammal eradication (J. E. Martínez-Gómez in litt. 2005, 2007) and habitat restoration programmes (Martínez-Gómez et al. 2003, Horblit et al. 2006, J. E. Martínez-Gómez in litt. 2005). Put measures in place to control, but not eliminate, the locust swarm (J. E. Martínez-Gómez in litt. 2005, Song et al. 2006).",Neotropical,1972,false,false,Global
